event,reason,step,position,entry_price,exit_price,realized_pips,cost_pips,net_pips,equity_usd,time_in_trade
CLOSE,MANUAL_CLOSE,65,1,1.0477847044883228,1.0542070184342571,64.22313945934287,1.0,63.223139459342875,10632.23139459343,5
CLOSE,MANUAL_CLOSE,68,1,1.0517119144084102,1.0503586733705659,-13.532410378442883,1.0,-14.532410378442883,10486.907290809,2
CLOSE,MANUAL_CLOSE,79,-1,1.051773329502742,1.050379913686015,13.934158167270283,1.0,12.934158167270283,10616.248872481703,10
CLOSE,SL_HIT,82,-1,1.0500607873955006,1.0530607873955005,-29.999999999998916,1.0,-30.999999999998916,10306.248872481714,2
CLOSE,MANUAL_CLOSE,86,-1,1.052576382070038,1.05132054858386,12.558334861780818,1.0,11.558334861780818,10421.832221099523,3
CLOSE,MANUAL_CLOSE,90,1,1.0508201314542287,1.0538755620419347,30.55430587705965,1.0,29.55430587705965,10717.375279870119,3
CLOSE,MANUAL_CLOSE,92,-1,1.0544965533763067,1.0551218395083237,-6.252861320170666,1.0,-7.252861320170666,10644.846666668413,1
CLOSE,MANUAL_CLOSE,95,1,1.0544076380234373,1.0559969151570712,15.892771336338818,1.0,14.892771336338818,10793.7743800318,2
CLOSE,MANUAL_CLOSE,95,1,1.0544076380234373,1.0559969151570712,15.892771336338818,1.0,14.892771336338818,10793.7743800318,2
CLOSE,SL_HIT,100,-1,1.0553816624143022,1.058381662414302,-29.999999999998916,1.0,-30.999999999998916,10483.774380031811,3
CLOSE,MANUAL_CLOSE,110,-1,1.0578621776018615,1.0558582313661746,20.03946235686893,1.0,19.03946235686893,10674.1690036005,9
CLOSE,MANUAL_CLOSE,114,-1,1.0553313905366393,1.053457916144828,18.734743918111807,1.0,17.734743918111807,10851.516442781618,3
CLOSE,MANUAL_CLOSE,118,1,1.0540607461336795,1.0549093189695624,8.485728358829103,1.0,7.485728358829103,10926.37372636991,3
CLOSE,MANUAL_CLOSE,120,-1,1.0546516791559317,1.0530218149443817,16.298642115499806,1.0,15.298642115499806,11079.360147524907,1
CLOSE,MANUAL_CLOSE,124,-1,1.053157044660515,1.051332384741175,18.246599193398882,1.0,17.246599193398882,11251.826139458895,3
CLOSE,MANUAL_CLOSE,143,-1,1.0512115700820885,1.0522104217127006,-9.988516306120854,1.0,-10.988516306120854,11141.940976397687,18
CLOSE,MANUAL_CLOSE,156,1,1.0535885367095852,1.0547274796295119,11.389429199266665,1.0,10.389429199266665,11245.835268390354,12
CLOSE,TP_HIT,160,1,1.054293066899123,1.063293066899123,89.99999999999896,1.0,88.99999999999896,12135.835268390343,3
CLOSE,MANUAL_CLOSE,191,1,1.0646379026074202,1.066359865233802,17.21962626381801,1.0,16.21962626381801,12298.031531028524,30
CLOSE,SL_HIT,199,1,1.0679193887660576,1.0649193887660577,-29.999999999998916,1.0,-30.999999999998916,11988.031531028535,7
CLOSE,MANUAL_CLOSE,209,1,1.0647501713538376,1.0652354673532805,4.85295999442803,1.0,3.85295999442803,12026.561130972816,9
CLOSE,MANUAL_CLOSE,211,-1,1.0698667326417957,1.064827102104733,50.39630537062578,1.0,49.39630537062578,12520.524184679074,1
CLOSE,MANUAL_CLOSE,213,-1,1.0636624758031012,1.0599032013493421,37.5927445375912,1.0,36.5927445375912,12886.451630054986,1
CLOSE,MANUAL_CLOSE,216,-1,1.0621915103506754,1.0624948629515014,-3.0335260082603455,1.0,-4.0335260082603455,12846.116369972382,2
CLOSE,MANUAL_CLOSE,221,1,1.0625758648451626,1.0641503944846251,15.745296394624742,1.0,14.745296394624742,12993.56933391863,4
CLOSE,MANUAL_CLOSE,228,1,1.0650953878665237,1.0655339756382853,4.385877717616449,1.0,3.3858777176164487,13027.428111094794,6
CLOSE,MANUAL_CLOSE,235,1,1.0611502076832682,1.0616507409329803,5.0053324971210955,1.0,4.0053324971210955,13067.481436066006,6
CLOSE,MANUAL_CLOSE,240,-1,1.0609010153514706,1.059246882766815,16.54132584655743,1.0,15.54132584655743,13222.89469453158,4
CLOSE,MANUAL_CLOSE,260,-1,1.0583746991595877,1.0623539555296924,-39.792563701046554,1.0,-40.792563701046554,12814.969057521115,19
CLOSE,SL_HIT,272,1,1.0624882524528825,1.0594882524528826,-29.999999999998916,1.0,-30.999999999998916,12504.969057521126,11
CLOSE,SL_HIT,275,-1,1.0586060474228358,1.0616060474228357,-29.999999999998916,1.0,-30.999999999998916,12194.969057521137,2
CLOSE,MANUAL_CLOSE,279,-1,1.0633306486084872,1.0642823995828148,-9.517509743275365,1.0,-10.517509743275365,12089.793960088384,3
CLOSE,MANUAL_CLOSE,285,1,1.0613498859157149,1.061475433614936,1.2554769922101805,1.0,0.2554769922101805,12092.348730010486,5
CLOSE,MANUAL_CLOSE,304,-1,1.0605959474011755,1.0630474662924225,-24.51518891247062,1.0,-25.51518891247062,11837.19684088578,18
CLOSE,MANUAL_CLOSE,318,1,1.0628236298024452,1.0628695702638942,0.45940461449012204,1.0,-0.540595385509878,11831.79088703068,13
CLOSE,MANUAL_CLOSE,324,-1,1.0642938264266204,1.0636240080197803,6.6981840684010585,1.0,5.6981840684010585,11888.772727714691,5
CLOSE,MANUAL_CLOSE,327,-1,1.0646010168005045,1.0615371815252708,30.63835275233684,1.0,29.63835275233684,12185.15625523806,2
CLOSE,MANUAL_CLOSE,327,-1,1.0646010168005045,1.0615371815252708,30.63835275233684,1.0,29.63835275233684,12185.15625523806,2
CLOSE,MANUAL_CLOSE,347,1,1.0611230317270197,1.0628090627298794,16.860310028596892,1.0,15.860310028596892,12343.75935552403,18
CLOSE,MANUAL_CLOSE,347,1,1.0611230317270197,1.0628090627298794,16.860310028596892,1.0,15.860310028596892,12343.75935552403,18
CLOSE,MANUAL_CLOSE,347,1,1.0611230317270197,1.0628090627298794,16.860310028596892,1.0,15.860310028596892,12343.75935552403,18
CLOSE,MANUAL_CLOSE,347,1,1.0611230317270197,1.0628090627298794,16.860310028596892,1.0,15.860310028596892,12343.75935552403,18
CLOSE,MANUAL_CLOSE,347,1,1.0611230317270197,1.0628090627298794,16.860310028596892,1.0,15.860310028596892,12343.75935552403,18
CLOSE,MANUAL_CLOSE,347,1,1.0611230317270197,1.0628090627298794,16.860310028596892,1.0,15.860310028596892,12343.75935552403,18
CLOSE,MANUAL_CLOSE,367,-1,1.060781670058955,1.0618951863459059,-11.135162869508886,1.0,-12.135162869508886,12222.40772682894,14
CLOSE,MANUAL_CLOSE,367,-1,1.060781670058955,1.0618951863459059,-11.135162869508886,1.0,-12.135162869508886,12222.40772682894,14
CLOSE,MANUAL_CLOSE,378,1,1.0629089793942648,1.0621799677294135,-7.290116648512868,1.0,-8.290116648512868,12139.506560343812,9
CLOSE,MANUAL_CLOSE,380,1,1.0627252545234067,1.0627649195630762,0.3966503966945645,1.0,-0.6033496033054355,12133.473064310758,1
CLOSE,MANUAL_CLOSE,393,1,1.0629443625692583,1.0655183244423339,25.739618730755698,1.0,24.739618730755698,12380.869251618315,12
CLOSE,SL_HIT,399,1,1.0663886103801543,1.0633886103801544,-29.999999999998916,1.0,-30.999999999998916,12070.869251618326,5
CLOSE,MANUAL_CLOSE,418,1,1.0635043516354437,1.0645846023343672,10.802506989235905,1.0,9.802506989235905,12168.894321510685,18
CLOSE,MANUAL_CLOSE,420,1,1.064560690605645,1.0635973001327765,-9.633904728685305,1.0,-10.633904728685305,12062.555274223832,1
CLOSE,MANUAL_CLOSE,423,1,1.0636812240661693,1.0646133597986367,9.321357324674207,1.0,8.321357324674207,12145.768847470574,2
CLOSE,MANUAL_CLOSE,425,1,1.0646010511560753,1.0641340226726392,-4.670284834360494,1.0,-5.670284834360494,12089.06599912697,1
CLOSE,SL_HIT,426,1,1.065725037937914,1.062725037937914,-29.999999999998916,1.0,-30.999999999998916,11779.06599912698,0
CLOSE,MANUAL_CLOSE,428,1,1.0619024381506563,1.0620947469446764,1.9230879402010181,1.0,0.9230879402010181,11788.29687852899,1
CLOSE,MANUAL_CLOSE,431,1,1.0629085143049637,1.0616890299310366,-12.194843739270489,1.0,-13.194843739270489,11656.348441136286,2
CLOSE,SL_HIT,443,-1,1.0607571117924117,1.0637571117924116,-29.999999999998916,1.0,-30.999999999998916,11346.348441136297,11
CLOSE,MANUAL_CLOSE,446,1,1.0630104206919222,1.0635952677910878,5.848470991656196,1.0,4.848470991656196,11394.833151052859,2
CLOSE,MANUAL_CLOSE,450,1,1.063794520771147,1.0644298818106692,6.353610395222198,1.0,5.353610395222198,11448.36925500508,3
CLOSE,MANUAL_CLOSE,457,-1,1.0666614015634581,1.0660992570586059,5.6214450485225775,1.0,4.6214450485225775,11494.583705490306,6
CLOSE,MANUAL_CLOSE,469,1,1.06603685811645,1.065447806233115,-5.890518833351344,1.0,-6.890518833351344,11425.678517156792,11
CLOSE,MANUAL_CLOSE,475,1,1.0669407521525618,1.0672095560839692,2.688039314073798,1.0,1.688039314073798,11442.55891029753,5
CLOSE,MANUAL_CLOSE,478,1,1.0696706897979844,1.0702094414693109,5.387516713264429,1.0,4.387516713264429,11486.434077430175,2
CLOSE,MANUAL_CLOSE,480,1,1.0699631731831238,1.0705030605065609,5.398873234370161,1.0,4.398873234370161,11530.422809773876,1
CLOSE,SL_HIT,490,1,1.0702741551078387,1.0672741551078389,-29.999999999998916,1.0,-30.999999999998916,11220.422809773887,9
CLOSE,MANUAL_CLOSE,500,-1,1.0678504360556502,1.065457372736835,23.930633188151695,1.0,22.930633188151695,11449.729141655404,9
CLOSE,MANUAL_CLOSE,507,1,1.065998935459753,1.0676437521017992,16.448166420461874,1.0,15.448166420461874,11604.210805860022,6
CLOSE,MANUAL_CLOSE,509,-1,1.067024357354815,1.0659766656162522,10.476917385628948,1.0,9.476917385628948,11698.979979716312,1
CLOSE,MANUAL_CLOSE,515,-1,1.0676283203126051,1.0623726768950823,52.55643417522826,1.0,51.55643417522826,12214.544321468595,5
CLOSE,MANUAL_CLOSE,518,-1,1.0551577619164303,1.0530999139753463,20.5784794108399,1.0,19.5784794108399,12410.329115576993,2
CLOSE,MANUAL_CLOSE,532,1,1.0528383289590995,1.0557729545663554,29.346256072559918,1.0,28.346256072559918,12693.791676302591,13
CLOSE,MANUAL_CLOSE,537,1,1.0566800324140717,1.0569029484415133,2.22916027441622,1.0,1.2291602744162198,12706.083279046754,4
CLOSE,MANUAL_CLOSE,539,1,1.057016430774936,1.059362043087844,23.456123129081963,1.0,22.456123129081963,12930.644510337574,1
CLOSE,MANUAL_CLOSE,541,1,1.0610715989495227,1.0604241954057083,-6.474035438144288,1.0,-7.474035438144288,12855.90415595613,1
CLOSE,MANUAL_CLOSE,543,1,1.0610437897177203,1.0602947908439366,-7.489988737836573,1.0,-8.489988737836573,12771.004268577764,1
CLOSE,SL_HIT,560,1,1.0607293822509425,1.0577293822509426,-29.999999999998916,1.0,-30.999999999998916,12461.004268577775,16
CLOSE,TP_HIT,562,-1,1.0552002067575177,1.0522002067575178,29.999999999998916,1.0,28.999999999998916,12751.004268577764,1
CLOSE,MANUAL_CLOSE,566,-1,1.0518014877888495,1.0535802510130317,-17.78763224182134,1.0,-18.78763224182134,12563.127946159551,3
CLOSE,TP_HIT,576,-1,1.0529867311889294,1.0499867311889295,29.999999999998916,1.0,28.999999999998916,12853.12794615954,9
CLOSE,TP_HIT,580,1,1.0507259380317067,1.0597259380317066,89.99999999999896,1.0,88.99999999999896,13743.12794615953,3
CLOSE,MANUAL_CLOSE,583,1,1.0637525234647214,1.0641259780744814,3.7345460976001554,1.0,2.7345460976001554,13770.47340713553,2
CLOSE,MANUAL_CLOSE,586,1,1.0639569129639024,1.0661027802174963,21.458672535938916,1.0,20.458672535938916,13975.06013249492,2
CLOSE,SL_HIT,594,-1,1.06664564212982,1.07564564212982,-89.99999999999896,1.0,-90.99999999999896,13065.060132494931,7
CLOSE,MANUAL_CLOSE,620,-1,1.0749828826362067,1.0732376186950017,17.452639412049997,1.0,16.452639412049997,13229.58652661543,25
CLOSE,MANUAL_CLOSE,623,-1,1.0733994195214096,1.0745013653897348,-11.019458683252381,1.0,-12.019458683252381,13109.391939782907,2
CLOSE,TP_HIT,630,1,1.073097788569967,1.076097788569967,29.999999999998916,1.0,28.999999999998916,13399.391939782896,6
CLOSE,MANUAL_CLOSE,637,1,1.075495803610143,1.076632569630928,11.367660207850516,1.0,10.367660207850516,13503.068541861401,6
CLOSE,MANUAL_CLOSE,639,-1,1.0766677022641018,1.0768488868514283,-1.8118458732652165,1.0,-2.8118458732652165,13474.95008312875,1
CLOSE,MANUAL_CLOSE,649,1,1.0771551013358487,1.0828668492502078,57.11747914359133,1.0,56.11747914359133,14036.124874564663,9
CLOSE,SL_HIT,653,-1,1.0767298086397954,1.0857298086397953,-89.99999999999896,1.0,-90.99999999999896,13126.124874564674,3
CLOSE,MANUAL_CLOSE,668,-1,1.0855499904278474,1.0829266652325416,26.233251953058367,1.0,25.233251953058367,13378.457394095258,14
CLOSE,MANUAL_CLOSE,675,-1,1.082783216107681,1.0867902305882124,-40.070144805315344,1.0,-41.070144805315344,12967.755946042103,6
CLOSE,MANUAL_CLOSE,678,-1,1.0866311948720058,1.0839241434456037,27.070514264020407,1.0,26.070514264020407,13228.461088682308,2
CLOSE,MANUAL_CLOSE,681,-1,1.0830610480128398,1.0815051596721668,15.55888340672995,1.0,14.55888340672995,13374.049922749608,2
CLOSE,MANUAL_CLOSE,681,-1,1.0830610480128398,1.0815051596721668,15.55888340672995,1.0,14.55888340672995,13374.049922749608,2
CLOSE,MANUAL_CLOSE,684,-1,1.0825021760293345,1.0812720266933025,12.301493360320492,1.0,11.301493360320492,13487.064856352812,1
CLOSE,MANUAL_CLOSE,687,-1,1.082029985178389,1.0828513548514034,-8.213696730143827,1.0,-9.213696730143827,13394.927889051374,2
CLOSE,MANUAL_CLOSE,690,1,1.08169340252036,1.083065763894457,13.723613740970197,1.0,12.723613740970197,13522.164026461076,2
CLOSE,SL_HIT,693,-1,1.0814436625230992,1.084443662523099,-29.999999999998916,1.0,-30.999999999998916,13212.164026461087,2
CLOSE,TP_HIT,713,1,1.0842417975853993,1.0872417975853992,29.999999999998916,1.0,28.999999999998916,13502.164026461076,19
CLOSE,MANUAL_CLOSE,717,-1,1.086360185398728,1.0795881614177958,67.72023980932128,1.0,66.72023980932128,14169.36642455429,3
CLOSE,MANUAL_CLOSE,723,-1,1.0795937266121656,1.0797337456845622,-1.4001907239657996,1.0,-2.4001907239657996,14145.364517314632,5
CLOSE,MANUAL_CLOSE,728,1,1.0787301464978887,1.0790440491936446,3.139026957559299,1.0,2.139026957559299,14166.754786890226,4
CLOSE,MANUAL_CLOSE,733,-1,1.081653017831531,1.0816158044606912,0.372133708397282,1.0,-0.627866291602718,14160.476123974198,4
CLOSE,MANUAL_CLOSE,735,1,1.0828688057432703,1.0828720516771724,0.032459339021073674,1.0,-0.9675406609789263,14150.80071736441,1
CLOSE,MANUAL_CLOSE,738,1,1.0830990653960373,1.0835887125510253,4.896471549880044,1.0,3.8964715498800437,14189.765432863209,2
CLOSE,MANUAL_CLOSE,743,1,1.0836285893229078,1.0824394273872648,-11.891619356430017,1.0,-12.891619356430017,14060.849239298908,4
CLOSE,MANUAL_CLOSE,746,1,1.0839971858138757,1.083078856574945,-9.183292389307596,1.0,-10.183292389307596,13959.016315405832,2
CLOSE,MANUAL_CLOSE,755,-1,1.0838372931550841,1.08475066670742,-9.133735523358943,1.0,-10.133735523358943,13857.678960172243,8
CLOSE,MANUAL_CLOSE,763,1,1.0853912802110754,1.0898238905023299,44.32610291254413,1.0,43.32610291254413,14290.939989297683,7
CLOSE,MANUAL_CLOSE,765,1,1.0894671521555264,1.0914082115295605,19.410593740341042,1.0,18.410593740341042,14475.045926701094,1
CLOSE,SL_HIT,766,1,1.0911511203223867,1.0881511203223868,-29.999999999998916,1.0,-30.999999999998916,14165.045926701105,0
CLOSE,MANUAL_CLOSE,768,1,1.088123266145089,1.0858574962250616,-22.657699200274717,1.0,-23.657699200274717,13928.468934698358,1
CLOSE,MANUAL_CLOSE,791,1,1.086460942060025,1.0871296903529262,6.687482929010891,1.0,5.687482929010891,13985.343763988467,22
CLOSE,MANUAL_CLOSE,795,1,1.0883236479949618,1.0881206634455072,-2.029845494546656,1.0,-3.029845494546656,13955.045309043,3
CLOSE,MANUAL_CLOSE,809,-1,1.0884600245576328,1.0865892009287355,18.708236288973445,1.0,17.708236288973445,14132.127671932734,13
CLOSE,MANUAL_CLOSE,816,1,1.0864514933868448,1.0899086783723484,34.57184985503625,1.0,33.57184985503625,14467.846170483097,6
CLOSE,MANUAL_CLOSE,830,-1,1.0908734492851757,1.0902588852653783,6.145640197974256,1.0,5.145640197974256,14519.302572462839,13
CLOSE,MANUAL_CLOSE,832,-1,1.0864542954133785,1.086457166695148,-0.028712817694565018,1.0,-1.028712817694565,14509.015444285893,1
CLOSE,MANUAL_CLOSE,837,1,1.088911421450124,1.0879272877923547,-9.841336577693927,1.0,-10.841336577693927,14400.602078508953,4
CLOSE,MANUAL_CLOSE,840,-1,1.087345157711665,1.087359142690594,-0.13984978928904823,1.0,-1.1398497892890482,14389.203580616062,2
CLOSE,MANUAL_CLOSE,851,-1,1.0869695116530091,1.0856238650224237,13.456466305854509,1.0,12.456466305854509,14513.768243674607,10
CLOSE,MANUAL_CLOSE,865,-1,1.0866279161549077,1.0859413464674066,6.865696875011373,1.0,5.865696875011373,14572.425212424721,13
CLOSE,MANUAL_CLOSE,875,1,1.0881156203889835,1.0857461136692106,-23.695067197728736,1.0,-24.695067197728736,14325.474540447434,9
CLOSE,MANUAL_CLOSE,879,-1,1.0854129587125225,1.0848877482674555,5.25210445067037,1.0,4.25210445067037,14367.995584954138,3
CLOSE,MANUAL_CLOSE,900,1,1.0850746479750186,1.0871306995713093,20.56051596290631,1.0,19.56051596290631,14563.600744583202,20
CLOSE,MANUAL_CLOSE,909,1,1.0869564895374295,1.0903820335842038,34.25544046774309,1.0,33.25544046774309,14896.155149260632,8
CLOSE,SL_HIT,913,-1,1.0919410892664798,1.0949410892664797,-29.999999999998916,1.0,-30.999999999998916,14586.155149260643,3
CLOSE,SL_HIT,917,-1,1.09775899220684,1.10075899220684,-29.999999999998916,1.0,-30.999999999998916,14276.155149260654,3
CLOSE,SL_HIT,932,1,1.1012459657989755,1.0922459657989756,-89.99999999999896,1.0,-90.99999999999896,13366.155149260665,14
CLOSE,TP_HIT,933,1,1.09052030835835,1.0935203083583498,29.999999999998916,1.0,28.999999999998916,13656.155149260654,0
CLOSE,MANUAL_CLOSE,942,-1,1.0936539626881217,1.0904496628960998,32.04299792021858,1.0,31.042997920218582,13966.58512846284,8
CLOSE,SL_HIT,951,-1,1.0897061855923806,1.0927061855923805,-29.999999999998916,1.0,-30.999999999998916,13656.585128462852,8
CLOSE,TP_HIT,955,-1,1.0929561884173717,1.0839561884173718,89.99999999999896,1.0,88.99999999999896,14546.58512846284,3
CLOSE,MANUAL_CLOSE,961,-1,1.08395507663249,1.0811895857617224,27.654908707674952,1.0,26.654908707674952,14813.13421553959,5
CLOSE,MANUAL_CLOSE,973,1,1.0804445650166403,1.0787062452459764,-17.383197706639653,1.0,-18.383197706639653,14629.302238473194,11
CLOSE,MANUAL_CLOSE,975,1,1.077994799212655,1.078505342354315,5.105431416598805,1.0,4.105431416598805,14670.356552639181,1
CLOSE,MANUAL_CLOSE,983,1,1.0766555567133782,1.072091743455687,-45.638132576912845,1.0,-46.638132576912845,14203.975226870052,7
CLOSE,MANUAL_CLOSE,989,1,1.071300978964561,1.0725161487703272,12.15169805766303,1.0,11.15169805766303,14315.492207446683,5
CLOSE,MANUAL_CLOSE,998,-1,1.0728769523594037,1.07239004846479,4.8690389461381045,1.0,3.8690389461381045,14354.182596908064,8
CLOSE,MANUAL_CLOSE,1001,-1,1.0718651667852679,1.0713538164903762,5.1135029489168815,1.0,4.1135029489168815,14395.317626397233,2
CLOSE,MANUAL_CLOSE,1005,-1,1.0704684736086265,1.0682180106243266,22.504629842998725,1.0,21.504629842998725,14610.36392482722,3
CLOSE,MANUAL_CLOSE,1005,-1,1.0704684736086265,1.0682180106243266,22.504629842998725,1.0,21.504629842998725,14610.36392482722,3
CLOSE,MANUAL_CLOSE,1005,-1,1.0704684736086265,1.0682180106243266,22.504629842998725,1.0,21.504629842998725,14610.36392482722,3
CLOSE,MANUAL_CLOSE,1005,-1,1.0704684736086265,1.0682180106243266,22.504629842998725,1.0,21.504629842998725,14610.36392482722,3
CLOSE,SL_HIT,1014,-1,1.070187339061731,1.0731873390617308,-29.999999999998916,1.0,-30.999999999998916,14300.36392482723,5
CLOSE,MANUAL_CLOSE,1023,-1,1.073195077261893,1.0752114417464755,-20.163644845825335,1.0,-21.163644845825335,14088.727476368977,8
CLOSE,MANUAL_CLOSE,1028,-1,1.0754913810808133,1.0731519307479647,23.394503328486582,1.0,22.394503328486582,14312.672509653843,4
CLOSE,MANUAL_CLOSE,1028,-1,1.0754913810808133,1.0731519307479647,23.394503328486582,1.0,22.394503328486582,14312.672509653843,4
CLOSE,SL_HIT,1046,-1,1.0724974759785129,1.0754974759785128,-29.999999999998916,1.0,-30.999999999998916,14002.672509653854,16
CLOSE,SL_HIT,1046,-1,1.0724974759785129,1.0754974759785128,-29.999999999998916,1.0,-30.999999999998916,14002.672509653854,16
CLOSE,SL_HIT,1046,-1,1.0724974759785129,1.0754974759785128,-29.999999999998916,1.0,-30.999999999998916,14002.672509653854,16
CLOSE,MANUAL_CLOSE,1050,1,1.0777369822054335,1.0762977173898425,-14.392648155909793,1.0,-15.392648155909793,13848.746028094756,1
CLOSE,MANUAL_CLOSE,1057,-1,1.0769004015075934,1.0741101620613502,27.902394462431257,1.0,26.902394462431257,14117.769972719068,6
CLOSE,MANUAL_CLOSE,1060,-1,1.073718287286894,1.073688118096653,0.3016919024090292,1.0,-0.6983080975909708,14110.786891743159,2
CLOSE,MANUAL_CLOSE,1060,-1,1.073718287286894,1.073688118096653,0.3016919024090292,1.0,-0.6983080975909708,14110.786891743159,2
CLOSE,MANUAL_CLOSE,1060,-1,1.073718287286894,1.073688118096653,0.3016919024090292,1.0,-0.6983080975909708,14110.786891743159,2
CLOSE,MANUAL_CLOSE,1071,1,1.0734593460605957,1.0741921370818925,7.327910212968636,1.0,6.327910212968636,14174.065993872846,8
CLOSE,MANUAL_CLOSE,1075,-1,1.070631546228282,1.068321684982397,23.098612458849477,1.0,22.098612458849477,14395.05211846134,3
CLOSE,MANUAL_CLOSE,1079,-1,1.0695562013686337,1.0668614500040008,26.947513646329302,1.0,25.947513646329302,14654.527254924635,3
CLOSE,MANUAL_CLOSE,1095,-1,1.0667878458788485,1.0674356758794339,-6.478300005854365,1.0,-7.478300005854365,14579.744254866091,15
CLOSE,MANUAL_CLOSE,1105,1,1.067705898054333,1.0727357740612544,50.29876006921396,1.0,49.29876006921396,15072.731855558231,9
CLOSE,MANUAL_CLOSE,1112,1,1.0717146760010585,1.072850720659504,11.36044658445412,1.0,10.36044658445412,15176.336321402772,6
CLOSE,MANUAL_CLOSE,1117,-1,1.0731601421249453,1.0738792374425263,-7.190953175810755,1.0,-8.190953175810755,15094.426789644665,4
CLOSE,MANUAL_CLOSE,1125,1,1.0731783042442873,1.0752076624121982,20.29358167910944,1.0,19.29358167910944,15287.36260643576,7
CLOSE,MANUAL_CLOSE,1129,-1,1.0715489454020632,1.0731613475649082,-16.124021628449725,1.0,-17.124021628449725,15116.122390151262,3
CLOSE,MANUAL_CLOSE,1154,1,1.0739498577673516,1.068076755691596,-58.73102075755643,1.0,-59.73102075755643,14518.812182575697,24
CLOSE,SL_HIT,1166,-1,1.0689889709720557,1.0719889709720556,-29.999999999998916,1.0,-30.999999999998916,14208.812182575708,11
CLOSE,SL_HIT,1171,1,1.0706628881720055,1.0676628881720056,-29.999999999998916,1.0,-30.999999999998916,13898.812182575719,4
CLOSE,MANUAL_CLOSE,1184,-1,1.0679110554961178,1.065340040703428,25.710147926898408,1.0,24.710147926898408,14145.913661844703,12
CLOSE,SL_HIT,1194,1,1.0651168213646784,1.0621168213646786,-29.999999999998916,1.0,-30.999999999998916,13835.913661844714,9
CLOSE,MANUAL_CLOSE,1199,1,1.0619870711129435,1.0676754392378367,56.8836812489315,1.0,55.8836812489315,14394.750474334029,4
CLOSE,MANUAL_CLOSE,1199,1,1.0619870711129435,1.0676754392378367,56.8836812489315,1.0,55.8836812489315,14394.750474334029,4
CLOSE,MANUAL_CLOSE,1212,1,1.068538860476897,1.069059648820472,5.207883435749405,1.0,4.207883435749405,14436.829308691522,11
CLOSE,MANUAL_CLOSE,1222,1,1.0690542331774837,1.0685907086611466,-4.6352451633713265,1.0,-5.6352451633713265,14380.476857057809,9
CLOSE,MANUAL_CLOSE,1227,-1,1.068818442561627,1.0684476935449712,3.707490166557914,1.0,2.707490166557914,14407.551758723388,4
CLOSE,SL_HIT,1239,1,1.0684162898451122,1.0654162898451123,-29.999999999998916,1.0,-30.999999999998916,14097.551758723399,11
CLOSE,SL_HIT,1245,-1,1.0662498620112724,1.0692498620112723,-29.999999999998916,1.0,-30.999999999998916,13787.55175872341,5
CLOSE,MANUAL_CLOSE,1247,-1,1.0684949207491397,1.0656226872719687,28.722334771709157,1.0,27.722334771709157,14064.775106440502,1
CLOSE,MANUAL_CLOSE,1255,1,1.0660500581062307,1.0657412331523008,-3.0882495392980935,1.0,-4.0882495392980935,14023.89261104752,7
CLOSE,MANUAL_CLOSE,1264,-1,1.065719475701912,1.0637651992330535,19.542764688584846,1.0,18.542764688584846,14209.320257933368,8
CLOSE,MANUAL_CLOSE,1270,1,1.0624953445835101,1.062651502049846,1.5615746633579342,1.0,0.5615746633579342,14214.936004566947,5
CLOSE,MANUAL_CLOSE,1275,-1,1.062268429139682,1.0602765660928946,19.918630467874454,1.0,18.918630467874454,14404.122309245691,4
CLOSE,MANUAL_CLOSE,1285,1,1.060327863341883,1.0622320698749064,19.04206533023478,1.0,18.04206533023478,14584.54296254804,9
CLOSE,MANUAL_CLOSE,1289,-1,1.0616254147181883,1.0597763437263807,18.490709918075332,1.0,17.490709918075332,14759.450061728792,3
CLOSE,MANUAL_CLOSE,1289,-1,1.0616254147181883,1.0597763437263807,18.490709918075332,1.0,17.490709918075332,14759.450061728792,3
CLOSE,MANUAL_CLOSE,1295,-1,1.0613695320992098,1.0582398211438935,31.297109553163338,1.0,30.297109553163338,15062.421157260425,4
CLOSE,MANUAL_CLOSE,1300,1,1.058508751441139,1.059474010629338,9.65259188199008,1.0,8.65259188199008,15148.947076080327,4
CLOSE,MANUAL_CLOSE,1307,-1,1.05951318606159,1.0599960835284605,-4.828974668704689,1.0,-5.828974668704689,15090.65732939328,6
CLOSE,MANUAL_CLOSE,1307,-1,1.05951318606159,1.0599960835284605,-4.828974668704689,1.0,-5.828974668704689,15090.65732939328,6
CLOSE,MANUAL_CLOSE,1311,-1,1.0598365260853364,1.0588857666821143,9.5075940322209,1.0,8.5075940322209,15175.733269715489,2
CLOSE,MANUAL_CLOSE,1349,1,1.058554109397726,1.0605619977207315,20.07888323005469,1.0,19.07888323005469,15366.522102016035,37
CLOSE,MANUAL_CLOSE,1366,1,1.0609497854127794,1.0604991395611798,-4.506458515995959,1.0,-5.506458515995959,15311.457516856075,16
CLOSE,MANUAL_CLOSE,1372,-1,1.0600343215083383,1.0572893403237515,27.4498118458677,1.0,26.4498118458677,15575.955635314753,5
CLOSE,MANUAL_CLOSE,1382,1,1.057884614809118,1.0641382684688327,62.536536597146416,1.0,61.536536597146416,16191.321001286216,9
CLOSE,MANUAL_CLOSE,1384,-1,1.0648112208195628,1.0642362084075072,5.750124120555977,1.0,4.750124120555977,16238.822242491777,1
CLOSE,MANUAL_CLOSE,1400,-1,1.066762165475768,1.0651330682612163,16.290972145516225,1.0,15.290972145516225,16391.73196394694,15
CLOSE,MANUAL_CLOSE,1404,1,1.0655700480188925,1.0640950406331517,-14.750073857408008,1.0,-15.750073857408008,16234.231225372858,3
CLOSE,MANUAL_CLOSE,1456,1,1.0639128589334366,1.0684909957057673,45.78136772330765,1.0,44.78136772330765,16682.044902605936,51
CLOSE,MANUAL_CLOSE,1474,-1,1.0673457876705525,1.0647856260049966,25.60161665555949,1.0,24.60161665555949,16928.06106916153,17
CLOSE,MANUAL_CLOSE,1510,1,1.058549251617024,1.057407651328273,-11.41600288750988,1.0,-12.41600288750988,16803.90104028643,35
CLOSE,MANUAL_CLOSE,1512,1,1.057506854529473,1.056854126770393,-6.5272775907998515,1.0,-7.5272775907998515,16728.628264378433,1
CLOSE,MANUAL_CLOSE,1525,1,1.0575777850895998,1.059475021002449,18.972359128492933,1.0,17.972359128492933,16908.35185566336,12
CLOSE,MANUAL_CLOSE,1527,1,1.0581203965569927,1.0589238167197148,8.034201627220572,1.0,7.034201627220572,16978.693871935568,1
CLOSE,MANUAL_CLOSE,1529,-1,1.0621408848784826,1.0666290168597687,-44.8813198128617,1.0,-45.8813198128617,16519.88067380695,1
CLOSE,MANUAL_CLOSE,1532,-1,1.0687104796733922,1.0638825531688467,48.27926504545443,1.0,47.27926504545443,16992.673324261494,2
CLOSE,TP_HIT,1535,1,1.068119394723987,1.071119394723987,29.999999999998916,1.0,28.999999999998916,17282.673324261483,2
CLOSE,MANUAL_CLOSE,1542,-1,1.0729828073167056,1.0707419052162843,22.409021004212715,1.0,21.409021004212715,17496.76353430361,6
CLOSE,MANUAL_CLOSE,1542,-1,1.0729828073167056,1.0707419052162843,22.409021004212715,1.0,21.409021004212715,17496.76353430361,6
CLOSE,TP_HIT,1546,1,1.0674097619480316,1.0704097619480315,29.999999999998916,1.0,28.999999999998916,17786.763534303598,2
CLOSE,TP_HIT,1546,1,1.0674097619480316,1.0704097619480315,29.999999999998916,1.0,28.999999999998916,17786.763534303598,2
CLOSE,TP_HIT,1572,1,1.0722548952177984,1.0752548952177983,29.999999999998916,1.0,28.999999999998916,18076.763534303587,24
CLOSE,MANUAL_CLOSE,1575,-1,1.0755987879945905,1.0744811309782838,11.176570163067279,1.0,10.176570163067279,18178.52923593426,2
CLOSE,MANUAL_CLOSE,1577,-1,1.0737936928350524,1.0734187291836519,3.7496365140055055,1.0,2.7496365140055055,18206.025601074314,1
CLOSE,MANUAL_CLOSE,1579,-1,1.0736901961296776,1.0731437942771964,5.464018524812264,1.0,4.464018524812264,18250.665786322435,1
CLOSE,SL_HIT,1581,1,1.06777631465742,1.05877631465742,-89.99999999999896,1.0,-90.99999999999896,17340.665786322446,1
CLOSE,MANUAL_CLOSE,1583,-1,1.0587257434530293,1.0556426581881189,30.830852649104123,1.0,29.830852649104123,17638.974312813487,1
CLOSE,TP_HIT,1588,1,1.0545174525600471,1.057517452560047,29.999999999998916,1.0,28.999999999998916,17928.974312813476,4
CLOSE,MANUAL_CLOSE,1598,-1,1.0585329352876327,1.060712812657145,-21.798773695123064,1.0,-22.798773695123064,17700.986575862244,9
CLOSE,MANUAL_CLOSE,1609,1,1.062475375637727,1.0625814628035997,1.060871658726814,1.0,0.060871658726814104,17701.59529244951,10
CLOSE,MANUAL_CLOSE,1612,1,1.0633811675162532,1.0648929457009142,15.117781846609724,1.0,14.117781846609724,17842.77311091561,2
CLOSE,SL_HIT,1618,1,1.0648560576999762,1.0618560576999763,-29.999999999998916,1.0,-30.999999999998916,17532.77311091562,5
CLOSE,MANUAL_CLOSE,1630,1,1.0629630780818946,1.066976343804253,40.132657223583834,1.0,39.132657223583834,17924.099683151457,11
CLOSE,MANUAL_CLOSE,1630,1,1.0629630780818946,1.066976343804253,40.132657223583834,1.0,39.132657223583834,17924.099683151457,11
CLOSE,MANUAL_CLOSE,1630,1,1.0629630780818946,1.066976343804253,40.132657223583834,1.0,39.132657223583834,17924.099683151457,11
CLOSE,MANUAL_CLOSE,1630,1,1.0629630780818946,1.066976343804253,40.132657223583834,1.0,39.132657223583834,17924.099683151457,11
CLOSE,MANUAL_CLOSE,1630,1,1.0629630780818946,1.066976343804253,40.132657223583834,1.0,39.132657223583834,17924.099683151457,11
CLOSE,MANUAL_CLOSE,1636,-1,1.0669086262575662,1.0669755063354616,-0.6688007789534822,1.0,-1.6688007789534822,17907.411675361924,1
CLOSE,MANUAL_CLOSE,1639,-1,1.0679182635316473,1.0655447750320524,23.734884995949557,1.0,22.734884995949557,18134.76052532142,2
CLOSE,MANUAL_CLOSE,1639,-1,1.0679182635316473,1.0655447750320524,23.734884995949557,1.0,22.734884995949557,18134.76052532142,2
CLOSE,MANUAL_CLOSE,1639,-1,1.0679182635316473,1.0655447750320524,23.734884995949557,1.0,22.734884995949557,18134.76052532142,2
CLOSE,MANUAL_CLOSE,1639,-1,1.0679182635316473,1.0655447750320524,23.734884995949557,1.0,22.734884995949557,18134.76052532142,2
CLOSE,MANUAL_CLOSE,1639,-1,1.0679182635316473,1.0655447750320524,23.734884995949557,1.0,22.734884995949557,18134.76052532142,2
CLOSE,MANUAL_CLOSE,1639,-1,1.0679182635316473,1.0655447750320524,23.734884995949557,1.0,22.734884995949557,18134.76052532142,2
CLOSE,MANUAL_CLOSE,1639,-1,1.0679182635316473,1.0655447750320524,23.734884995949557,1.0,22.734884995949557,18134.76052532142,2
CLOSE,MANUAL_CLOSE,1639,-1,1.0679182635316473,1.0655447750320524,23.734884995949557,1.0,22.734884995949557,18134.76052532142,2
CLOSE,TP_HIT,1665,1,1.0721288609047668,1.0751288609047667,29.999999999998916,1.0,28.999999999998916,18424.76052532141,18
CLOSE,SL_HIT,1690,-1,1.0763194284050113,1.0853194284050112,-89.99999999999896,1.0,-90.99999999999896,17514.76052532142,24
CLOSE,SL_HIT,1696,-1,1.0880636957104397,1.0910636957104396,-29.999999999998916,1.0,-30.999999999998916,17204.76052532143,5
CLOSE,TP_HIT,1705,-1,1.0914958644604464,1.0824958644604465,89.99999999999896,1.0,88.99999999999896,18094.76052532142,8
CLOSE,SL_HIT,1713,1,1.0832568445050197,1.0802568445050198,-29.999999999998916,1.0,-30.999999999998916,17784.76052532143,7
CLOSE,MANUAL_CLOSE,1716,-1,1.0779577648030778,1.0727648814783681,51.92883324709685,1.0,50.92883324709685,18294.0488577924,2
CLOSE,SL_HIT,1746,-1,1.073785186581543,1.082785186581543,-89.99999999999896,1.0,-90.99999999999896,17384.04885779241,29
CLOSE,MANUAL_CLOSE,1768,-1,1.082024197994811,1.0853539981699574,-33.2980017514628,1.0,-34.2980017514628,17041.068840277785,21
CLOSE,MANUAL_CLOSE,1788,1,1.0846513932080908,1.0897831694455182,51.31776237427443,1.0,50.31776237427443,17544.24646402053,19
CLOSE,MANUAL_CLOSE,1788,1,1.0846513932080908,1.0897831694455182,51.31776237427443,1.0,50.31776237427443,17544.24646402053,19
CLOSE,MANUAL_CLOSE,1788,1,1.0846513932080908,1.0897831694455182,51.31776237427443,1.0,50.31776237427443,17544.24646402053,19
CLOSE,MANUAL_CLOSE,1788,1,1.0846513932080908,1.0897831694455182,51.31776237427443,1.0,50.31776237427443,17544.24646402053,19
CLOSE,MANUAL_CLOSE,1800,-1,1.0904048885585873,1.0884589694795974,19.459190789898884,1.0,18.459190789898884,17728.83837191952,8
CLOSE,MANUAL_CLOSE,1802,-1,1.0889412797271947,1.0883642103667306,5.770693604640886,1.0,4.770693604640886,17776.545307965927,1
CLOSE,SL_HIT,1812,1,1.0869048716889926,1.0839048716889927,-29.999999999998916,1.0,-30.999999999998916,17466.54530796594,9
CLOSE,TP_HIT,1814,-1,1.0838410412496364,1.0808410412496365,29.999999999998916,1.0,28.999999999998916,17756.545307965927,1
CLOSE,MANUAL_CLOSE,1819,-1,1.0818940765086664,1.0793729327469084,25.21143761758049,1.0,24.21143761758049,17998.659684141734,4
CLOSE,SL_HIT,1829,-1,1.0789825547117433,1.0879825547117432,-89.99999999999896,1.0,-90.99999999999896,17088.659684141745,9
CLOSE,TP_HIT,1830,1,1.0885435707668878,1.0915435707668877,29.999999999998916,1.0,28.999999999998916,17378.659684141734,0
CLOSE,TP_HIT,1830,1,1.0885435707668878,1.0915435707668877,29.999999999998916,1.0,28.999999999998916,17378.659684141734,0
CLOSE,MANUAL_CLOSE,1834,1,1.0890326354980733,1.0886784360103325,-3.5419948774073617,1.0,-4.541994877407362,17333.23973536766,2
CLOSE,SL_HIT,1847,-1,1.0896583736308667,1.0926583736308666,-29.999999999998916,1.0,-30.999999999998916,17023.23973536767,12
CLOSE,MANUAL_CLOSE,1862,1,1.0925117118759948,1.0954372728228954,29.255609469005517,1.0,28.255609469005517,17305.795830057727,14
CLOSE,MANUAL_CLOSE,1868,1,1.0957358340989019,1.0959593075456804,2.2347344677853265,1.0,1.2347344677853265,17318.14317473558,5
CLOSE,MANUAL_CLOSE,1868,1,1.0957358340989019,1.0959593075456804,2.2347344677853265,1.0,1.2347344677853265,17318.14317473558,5
CLOSE,SL_HIT,1878,1,1.0957732338382946,1.0927732338382947,-29.999999999998916,1.0,-30.999999999998916,17008.14317473559,8
CLOSE,MANUAL_CLOSE,1886,-1,1.0910053372814579,1.0905823356826265,4.230015988313518,1.0,3.230015988313518,17040.443334618725,7
CLOSE,MANUAL_CLOSE,1902,-1,1.090964897910592,1.0896667623785505,12.98135532041389,1.0,11.98135532041389,17160.256887822863,15
CLOSE,MANUAL_CLOSE,1921,-1,1.0923012057948442,1.0915474493080732,7.537564867710067,1.0,6.537564867710067,17225.632536499965,18
CLOSE,MANUAL_CLOSE,1926,-1,1.0913539699666082,1.0898870049469553,14.669650196528217,1.0,13.669650196528217,17362.329038465246,4
CLOSE,SL_HIT,1948,1,1.0914927747554137,1.0884927747554138,-29.999999999998916,1.0,-30.999999999998916,17052.329038465257,21
CLOSE,MANUAL_CLOSE,1952,-1,1.0848732221476844,1.0839197459711658,9.534761765186417,1.0,8.534761765186417,17137.67665611712,3
CLOSE,MANUAL_CLOSE,1961,1,1.0847698126626053,1.0877486031002255,29.787904376201713,1.0,28.787904376201713,17425.555699879136,8
CLOSE,MANUAL_CLOSE,1963,1,1.0878322086432333,1.0882486448951332,4.1643625189990985,1.0,3.1643625189990985,17457.199325069127,1
CLOSE,MANUAL_CLOSE,1965,1,1.0881568757011133,1.0882335226166897,0.7664691557640602,1.0,-0.23353084423593984,17454.86401662677,1
CLOSE,MANUAL_CLOSE,1967,1,1.0894121409514885,1.0883900207891388,-10.221201623497045,1.0,-11.221201623497045,17342.652000391798,1
CLOSE,MANUAL_CLOSE,1975,1,1.0895577275126198,1.091105817076958,15.48089564338273,1.0,14.48089564338273,17487.460956825624,7
CLOSE,MANUAL_CLOSE,1983,-1,1.0904573563484838,1.0916789829452265,-12.21626596742631,1.0,-13.21626596742631,17355.29829715136,7
CLOSE,MANUAL_CLOSE,1995,1,1.0916434191294577,1.0924423600339292,7.989409044715234,1.0,6.989409044715234,17425.192387598512,11
CLOSE,MANUAL_CLOSE,1997,-1,1.0922374748723847,1.0963940474015847,-41.56572529200098,1.0,-42.56572529200098,16999.535134678503,1
CLOSE,MANUAL_CLOSE,2000,-1,1.0974162054454173,1.0986550800257346,-12.388745803173506,1.0,-13.388745803173506,16865.647676646768,2
CLOSE,MANUAL_CLOSE,2009,-1,1.0995908882481042,1.1002184507035797,-6.275624554754611,1.0,-7.275624554754611,16792.891431099222,8
CLOSE,MANUAL_CLOSE,2011,-1,1.0995843290608653,1.0992788365511243,3.0549250974098996,1.0,2.0549250974098996,16813.44068207332,1
CLOSE,SL_HIT,2016,-1,1.0988149743482505,1.1018149743482504,-29.999999999998916,1.0,-30.999999999998916,16503.44068207333,4
CLOSE,MANUAL_CLOSE,2035,1,1.101466288750642,1.1070018111568245,55.35522406182602,1.0,54.35522406182602,17046.992922691592,18
CLOSE,MANUAL_CLOSE,2035,1,1.101466288750642,1.1070018111568245,55.35522406182602,1.0,54.35522406182602,17046.992922691592,18
CLOSE,SL_HIT,2044,1,1.1068930819980045,1.1038930819980046,-29.999999999998916,1.0,-30.999999999998916,16736.992922691603,7
CLOSE,MANUAL_CLOSE,2049,-1,1.1034337607796527,1.097755841254957,56.77919524695651,1.0,55.77919524695651,17294.784875161167,4
CLOSE,MANUAL_CLOSE,2052,-1,1.0986989411838912,1.099659745904791,-9.608047208997661,1.0,-10.608047208997661,17188.70440307119,2
CLOSE,MANUAL_CLOSE,2054,-1,1.0992102787872025,1.0992282434370249,-0.17964649822399537,1.0,-1.1796464982239954,17176.907938088953,1
CLOSE,MANUAL_CLOSE,2065,-1,1.0986669403637974,1.0964681610250506,21.987793387467924,1.0,20.987793387467924,17386.78587196363,10
CLOSE,MANUAL_CLOSE,2103,1,1.09805896553316,1.097352410812919,-7.065547202411704,1.0,-8.065547202411704,17306.130399939513,37
CLOSE,MANUAL_CLOSE,2115,-1,1.0974638690431398,1.0933743292039357,40.89539839204015,1.0,39.89539839204015,17705.084383859914,11
CLOSE,MANUAL_CLOSE,2121,1,1.093118089477398,1.0965510061515076,34.329166741096095,1.0,33.329166741096095,18038.376051270876,5
CLOSE,MANUAL_CLOSE,2121,1,1.093118089477398,1.0965510061515076,34.329166741096095,1.0,33.329166741096095,18038.376051270876,5
CLOSE,MANUAL_CLOSE,2149,-1,1.0952567164972848,1.0967152681566883,-14.585516594034509,1.0,-15.585516594034509,17882.52088533053,26
CLOSE,MANUAL_CLOSE,2158,1,1.096711651965992,1.0960485392497539,-6.631127162382011,1.0,-7.631127162382011,17806.20961370671,8
CLOSE,MANUAL_CLOSE,2162,1,1.0941869392775279,1.095446836885992,12.598976084641222,1.0,11.598976084641222,17922.19937455312,3
CLOSE,MANUAL_CLOSE,2167,-1,1.0964991509382376,1.0972096371809301,-7.104862426925429,1.0,-8.104862426925429,17841.15075028387,4
CLOSE,MANUAL_CLOSE,2169,1,1.0971952636115379,1.0979065641447427,7.1130053320489495,1.0,6.1130053320489495,17902.280803604357,1
CLOSE,MANUAL_CLOSE,2184,-1,1.0980615838127687,1.0986921038706972,-6.305200579284076,1.0,-7.305200579284076,17829.228797811516,14
CLOSE,MANUAL_CLOSE,2192,1,1.100863398551149,1.1025629753231803,16.995767720313637,1.0,15.995767720313637,17989.186475014652,7
CLOSE,SL_HIT,2200,-1,1.1033509451465844,1.1063509451465843,-29.999999999998916,1.0,-30.999999999998916,17679.186475014663,7
CLOSE,SL_HIT,2207,1,1.1059156228727725,1.1029156228727726,-29.999999999998916,1.0,-30.999999999998916,17369.186475014674,6
CLOSE,MANUAL_CLOSE,2216,-1,1.1032494620987205,1.0968566679576475,63.92794141073077,1.0,62.92794141073077,17998.46588912198,8
CLOSE,SL_HIT,2230,-1,1.0967966161597869,1.0997966161597867,-29.999999999998916,1.0,-30.999999999998916,17688.46588912199,13
CLOSE,MANUAL_CLOSE,2256,-1,1.1006435643858499,1.1049591616288996,-43.15597243049751,1.0,-44.15597243049751,17246.906164817017,25
CLOSE,SL_HIT,2284,1,1.1052942684537794,1.0962942684537795,-89.99999999999896,1.0,-90.99999999999896,16336.906164817028,27
CLOSE,TP_HIT,2285,1,1.098456985690391,1.1014569856903909,29.999999999998916,1.0,28.999999999998916,16626.906164817017,0
CLOSE,TP_HIT,2286,1,1.0999732947567704,1.1029732947567703,29.999999999998916,1.0,28.999999999998916,16916.906164817006,0
CLOSE,SL_HIT,2333,1,1.1036927037752993,1.0946927037752994,-89.99999999999896,1.0,-90.99999999999896,16006.906164817017,46
CLOSE,MANUAL_CLOSE,2337,1,1.0943450427599437,1.0999763882168931,56.313454569494326,1.0,55.313454569494326,16560.04071051196,3
CLOSE,MANUAL_CLOSE,2344,1,1.0997222969695923,1.1010588738673632,13.365768977708914,1.0,12.365768977708914,16683.69840028905,6
CLOSE,MANUAL_CLOSE,2348,-1,1.1017106629099505,1.1029555473883939,-12.448844784433977,1.0,-13.448844784433977,16549.20995244471,3
CLOSE,MANUAL_CLOSE,2353,-1,1.1021530016739576,1.103953461483734,-18.004598097765,1.0,-19.004598097765,16359.163971467062,4
CLOSE,MANUAL_CLOSE,2360,1,1.1031790850284633,1.1075546141109949,43.75529082531582,1.0,42.75529082531582,16786.71687972022,6
CLOSE,MANUAL_CLOSE,2373,-1,1.1081322488627816,1.1023951064299506,57.37142432830966,1.0,56.37142432830966,17350.431123003316,12
CLOSE,MANUAL_CLOSE,2381,1,1.1000974257657008,1.101272100668315,11.746749026142478,1.0,10.746749026142478,17457.89861326474,7
CLOSE,TP_HIT,2390,-1,1.1021000504161347,1.0991000504161348,29.999999999998916,1.0,28.999999999998916,17747.89861326473,8
CLOSE,MANUAL_CLOSE,2395,1,1.0991119760662331,1.10179739487378,26.854188075469132,1.0,25.854188075469132,18006.44049401942,4
CLOSE,MANUAL_CLOSE,2398,1,1.1024212265077995,1.1031864297720355,7.65203264236014,1.0,6.65203264236014,18072.960820443022,2
CLOSE,MANUAL_CLOSE,2400,1,1.1039069397572583,1.1043499933771628,4.430536199044877,1.0,3.4305361990448766,18107.266182433472,1
CLOSE,MANUAL_CLOSE,2412,-1,1.1038777901117793,1.1027000566275738,11.777334842055787,1.0,10.777334842055787,18215.03953085403,11
CLOSE,SL_HIT,2419,1,1.101557437440789,1.0985574374407892,-29.999999999998916,1.0,-30.999999999998916,17905.03953085404,6
CLOSE,MANUAL_CLOSE,2428,-1,1.098978090742367,1.0952720541820435,37.060365603234224,1.0,36.060365603234224,18265.64318688638,8
CLOSE,MANUAL_CLOSE,2436,1,1.096378545595858,1.0975924492801774,12.139036843195061,1.0,11.139036843195061,18377.033555318332,7
CLOSE,MANUAL_CLOSE,2436,1,1.096378545595858,1.0975924492801774,12.139036843195061,1.0,11.139036843195061,18377.033555318332,7
CLOSE,MANUAL_CLOSE,2442,-1,1.0966443411657674,1.095679558450078,9.647827156893385,1.0,8.647827156893385,18463.511826887265,4
CLOSE,SL_HIT,2444,-1,1.0954621768780688,1.0984621768780687,-29.999999999998916,1.0,-30.999999999998916,18153.511826887276,1
CLOSE,MANUAL_CLOSE,2448,-1,1.100052829905797,1.096529922625045,35.22907280752108,1.0,34.22907280752108,18495.802554962487,3
CLOSE,MANUAL_CLOSE,2448,-1,1.100052829905797,1.096529922625045,35.22907280752108,1.0,34.22907280752108,18495.802554962487,3
CLOSE,SL_HIT,2460,1,1.0967472037195383,1.0937472037195384,-29.999999999998916,1.0,-30.999999999998916,18185.802554962498,10
CLOSE,MANUAL_CLOSE,2464,-1,1.0929829715855088,1.0901724249994973,28.10546586011542,1.0,27.10546586011542,18456.857213563653,3
CLOSE,SL_HIT,2481,1,1.0915683646051333,1.0885683646051334,-29.999999999998916,1.0,-30.999999999998916,18146.857213563664,16
CLOSE,MANUAL_CLOSE,2509,1,1.0887122521795565,1.0882688205524176,-4.434316271388905,1.0,-5.434316271388905,18092.514050849775,27
CLOSE,MANUAL_CLOSE,2509,1,1.0887122521795565,1.0882688205524176,-4.434316271388905,1.0,-5.434316271388905,18092.514050849775,27
CLOSE,MANUAL_CLOSE,2509,1,1.0887122521795565,1.0882688205524176,-4.434316271388905,1.0,-5.434316271388905,18092.514050849775,27
CLOSE,MANUAL_CLOSE,2509,1,1.0887122521795565,1.0882688205524176,-4.434316271388905,1.0,-5.434316271388905,18092.514050849775,27
CLOSE,MANUAL_CLOSE,2525,-1,1.0890932084385012,1.0861881928313912,29.050156071099842,1.0,28.050156071099842,18373.015611560775,12
CLOSE,SL_HIT,2555,1,1.086114183175656,1.077114183175656,-89.99999999999896,1.0,-90.99999999999896,17463.015611560786,29
CLOSE,MANUAL_CLOSE,2572,1,1.0769393403075764,1.0808408108084024,39.014705008260094,1.0,38.014705008260094,17843.162661643386,16
CLOSE,MANUAL_CLOSE,2575,1,1.0795262470660874,1.0819461479579957,24.199008919083553,1.0,23.199008919083553,18075.152750834222,2
CLOSE,MANUAL_CLOSE,2581,1,1.0806074131642236,1.0822677069061988,16.60293741975183,1.0,15.602937419751829,18231.18212503174,5
CLOSE,MANUAL_CLOSE,2585,-1,1.0820610368941093,1.0810780394065764,9.829974875328329,1.0,8.829974875328329,18319.481873785026,3
CLOSE,MANUAL_CLOSE,2594,-1,1.0806766582975385,1.0805192331436735,1.5742515386496514,1.0,0.5742515386496514,18325.224389171522,8
CLOSE,MANUAL_CLOSE,2612,-1,1.0809660975041335,1.0777766978384198,31.893996657137436,1.0,30.893996657137436,18634.164355742898,17
CLOSE,MANUAL_CLOSE,2621,1,1.076740279790486,1.078330820133437,15.9054034295103,1.0,14.9054034295103,18783.218390038,8
CLOSE,MANUAL_CLOSE,2621,1,1.076740279790486,1.078330820133437,15.9054034295103,1.0,14.9054034295103,18783.218390038,8
CLOSE,MANUAL_CLOSE,2621,1,1.076740279790486,1.078330820133437,15.9054034295103,1.0,14.9054034295103,18783.218390038,8
CLOSE,MANUAL_CLOSE,2621,1,1.076740279790486,1.078330820133437,15.9054034295103,1.0,14.9054034295103,18783.218390038,8
CLOSE,MANUAL_CLOSE,2621,1,1.076740279790486,1.078330820133437,15.9054034295103,1.0,14.9054034295103,18783.218390038,8
CLOSE,MANUAL_CLOSE,2621,1,1.076740279790486,1.078330820133437,15.9054034295103,1.0,14.9054034295103,18783.218390038,8
CLOSE,MANUAL_CLOSE,2632,-1,1.0780501528186195,1.0756016841554756,24.484686631438546,1.0,23.484686631438546,19018.065256352387,5
CLOSE,MANUAL_CLOSE,2658,1,1.0755829513539688,1.0720852332610462,-34.97718092922541,1.0,-35.97718092922541,18658.293447060132,25
CLOSE,MANUAL_CLOSE,2664,-1,1.0720585852312745,1.072545045690553,-4.864604592784705,1.0,-5.864604592784705,18599.647401132286,5
CLOSE,MANUAL_CLOSE,2674,-1,1.0732078479967089,1.072936743483342,2.7110451336698205,1.0,1.7110451336698205,18616.757852468985,9
CLOSE,MANUAL_CLOSE,2674,-1,1.0732078479967089,1.072936743483342,2.7110451336698205,1.0,1.7110451336698205,18616.757852468985,9
CLOSE,MANUAL_CLOSE,2679,-1,1.0721720950016622,1.0719789001959381,1.931948057241062,1.0,0.9319480572410619,18626.077333041398,3
CLOSE,SL_HIT,2694,1,1.0731744851710998,1.0701744851711,-29.999999999998916,1.0,-30.999999999998916,18316.07733304141,14
CLOSE,MANUAL_CLOSE,2700,-1,1.0706487455469564,1.0704776133029255,1.7113224403098037,1.0,0.7113224403098037,18323.190557444508,5
CLOSE,MANUAL_CLOSE,2713,1,1.0719550891665932,1.0732363218026022,12.812326360089887,1.0,11.812326360089887,18441.313821045405,12
CLOSE,MANUAL_CLOSE,2716,1,1.0732006925974555,1.0734907968071898,2.9010420973429873,1.0,1.9010420973429873,18460.324242018836,2
CLOSE,MANUAL_CLOSE,2719,1,1.0713314973464132,1.069703150121241,-16.28347225172133,1.0,-17.28347225172133,18287.48951950162,2
CLOSE,MANUAL_CLOSE,2724,1,1.0674172055281061,1.0652462499502433,-21.70955577862843,1.0,-22.70955577862843,18060.393961715337,4
CLOSE,MANUAL_CLOSE,2730,-1,1.0662935845613752,1.069131742223807,-28.38157662431673,1.0,-29.38157662431673,17766.57819547217,5
CLOSE,MANUAL_CLOSE,2735,1,1.069047815991845,1.0684077482573142,-6.40067734530847,1.0,-7.40067734530847,17692.571422019086,4
CLOSE,SL_HIT,2737,-1,1.0670079589001855,1.0700079589001854,-29.999999999998916,1.0,-30.999999999998916,17382.571422019097,1
CLOSE,MANUAL_CLOSE,2742,1,1.0708771441644651,1.072798514202378,19.213700379128174,1.0,18.213700379128174,17564.70842581038,4
CLOSE,SL_HIT,2744,-1,1.0731347090564916,1.0761347090564914,-29.999999999998916,1.0,-30.999999999998916,17254.70842581039,1
CLOSE,MANUAL_CLOSE,2750,-1,1.0759693635424752,1.075986352855834,-0.16989313358806157,1.0,-1.1698931335880616,17243.00949447451,5
CLOSE,MANUAL_CLOSE,2755,-1,1.0765022067347856,1.0765567351235314,-0.5452838874586696,1.0,-1.5452838874586696,17227.556655599925,4
CLOSE,MANUAL_CLOSE,2755,-1,1.0765022067347856,1.0765567351235314,-0.5452838874586696,1.0,-1.5452838874586696,17227.556655599925,4
CLOSE,MANUAL_CLOSE,2755,-1,1.0765022067347856,1.0765567351235314,-0.5452838874586696,1.0,-1.5452838874586696,17227.556655599925,4
CLOSE,MANUAL_CLOSE,2755,-1,1.0765022067347856,1.0765567351235314,-0.5452838874586696,1.0,-1.5452838874586696,17227.556655599925,4
CLOSE,MANUAL_CLOSE,2755,-1,1.0765022067347856,1.0765567351235314,-0.5452838874586696,1.0,-1.5452838874586696,17227.556655599925,4
CLOSE,MANUAL_CLOSE,2769,1,1.0761902039088116,1.0709776020344517,-52.12601874359901,1.0,-53.12601874359901,16696.296468163935,9
CLOSE,MANUAL_CLOSE,2769,1,1.0761902039088116,1.0709776020344517,-52.12601874359901,1.0,-53.12601874359901,16696.296468163935,9
CLOSE,MANUAL_CLOSE,2769,1,1.0761902039088116,1.0709776020344517,-52.12601874359901,1.0,-53.12601874359901,16696.296468163935,9
CLOSE,MANUAL_CLOSE,2769,1,1.0761902039088116,1.0709776020344517,-52.12601874359901,1.0,-53.12601874359901,16696.296468163935,9
CLOSE,MANUAL_CLOSE,2769,1,1.0761902039088116,1.0709776020344517,-52.12601874359901,1.0,-53.12601874359901,16696.296468163935,9
CLOSE,MANUAL_CLOSE,2784,1,1.070632454714371,1.068961840998519,-16.706137158519763,1.0,-17.706137158519763,16519.235096578737,10
CLOSE,MANUAL_CLOSE,2789,-1,1.0695782840830608,1.067884634100361,16.936499826998297,1.0,15.936499826998297,16678.60009484872,4
CLOSE,TP_HIT,2790,1,1.0680277168840924,1.0710277168840923,29.999999999998916,1.0,28.999999999998916,16968.60009484871,0
CLOSE,MANUAL_CLOSE,2798,1,1.0710706436167075,1.07106478104225,-0.05862574457449199,1.0,-1.058625744574492,16958.013837402963,7
CLOSE,MANUAL_CLOSE,2800,1,1.0713437388698879,1.0711210855744704,-2.2265329541748535,1.0,-3.2265329541748535,16925.748507861215,1
CLOSE,MANUAL_CLOSE,2802,1,1.0716162632289397,1.0715326122722915,-0.8365095664819577,1.0,-1.8365095664819577,16907.383412196396,1
CLOSE,MANUAL_CLOSE,2804,1,1.0718383465796333,1.0715836357212698,-2.5471085836348273,1.0,-3.5471085836348273,16871.91232636005,1
CLOSE,SL_HIT,2809,1,1.0723551432609115,1.0693551432609116,-29.999999999998916,1.0,-30.999999999998916,16561.91232636006,4
CLOSE,MANUAL_CLOSE,2836,1,1.0692099306982923,1.0715280422231857,23.181115248933626,1.0,22.181115248933626,16783.723478849395,26
CLOSE,MANUAL_CLOSE,2841,-1,1.0716019780186625,1.0693367001146084,22.65277904054175,1.0,21.65277904054175,17000.25126925481,4
CLOSE,MANUAL_CLOSE,2841,-1,1.0716019780186625,1.0693367001146084,22.65277904054175,1.0,21.65277904054175,17000.25126925481,4
CLOSE,MANUAL_CLOSE,2841,-1,1.0716019780186625,1.0693367001146084,22.65277904054175,1.0,21.65277904054175,17000.25126925481,4
CLOSE,MANUAL_CLOSE,2841,-1,1.0716019780186625,1.0693367001146084,22.65277904054175,1.0,21.65277904054175,17000.25126925481,4
CLOSE,MANUAL_CLOSE,2841,-1,1.0716019780186625,1.0693367001146084,22.65277904054175,1.0,21.65277904054175,17000.25126925481,4
CLOSE,MANUAL_CLOSE,2857,1,1.0697708460787196,1.072640963531246,28.701174525262996,1.0,27.701174525262996,17277.26301450744,11
CLOSE,SL_HIT,2860,-1,1.072859681684168,1.075859681684168,-29.999999999998916,1.0,-30.999999999998916,16967.26301450745,2
CLOSE,SL_HIT,2863,-1,1.0746713565047867,1.0776713565047866,-29.999999999998916,1.0,-30.999999999998916,16657.26301450746,2
CLOSE,MANUAL_CLOSE,2875,1,1.077893179619981,1.0776658897811178,-2.2728983886333154,1.0,-3.2728983886333154,16624.53403062113,11
CLOSE,MANUAL_CLOSE,2877,1,1.0777868367683463,1.0775238678626302,-2.6296890571608778,1.0,-3.6296890571608778,16588.23714004952,1
CLOSE,MANUAL_CLOSE,2888,-1,1.0777667969588536,1.0747931347322233,29.736622266303137,1.0,28.736622266303137,16875.603362712554,10
CLOSE,SL_HIT,2904,-1,1.0748054692981428,1.0778054692981427,-29.999999999998916,1.0,-30.999999999998916,16565.603362712565,15
CLOSE,MANUAL_CLOSE,2925,1,1.0777121420077438,1.078183951857288,4.718098495442025,1.0,3.7180984954420246,16602.784347666984,20
CLOSE,MANUAL_CLOSE,2934,1,1.078273942714716,1.0793806557419727,11.067130272566228,1.0,10.067130272566228,16703.455650392647,8
CLOSE,MANUAL_CLOSE,2937,-1,1.080170673970534,1.0802493463917535,-0.786724212196166,1.0,-1.786724212196166,16685.588408270687,2
CLOSE,MANUAL_CLOSE,2948,1,1.0788919932507501,1.0789715010221754,0.795077714252912,1.0,-0.20492228574708804,16683.539185413218,10
CLOSE,MANUAL_CLOSE,2978,-1,1.0789483202134482,1.0847682804225016,-58.199602090533986,1.0,-59.199602090533986,16091.543164507877,29
CLOSE,TP_HIT,2983,1,1.0842208401622953,1.0932208401622951,89.99999999999896,1.0,88.99999999999896,16981.543164507868,4
CLOSE,MANUAL_CLOSE,2999,-1,1.0932552273579723,1.0947097899037268,-14.545625457544897,1.0,-15.545625457544897,16826.08690993242,15
CLOSE,MANUAL_CLOSE,3014,1,1.094262890915927,1.093904867749022,-3.5802316690514147,1.0,-4.580231669051415,16780.284593241904,14
CLOSE,MANUAL_CLOSE,3019,-1,1.0942393044070093,1.0936342511926238,6.050532143855314,1.0,5.050532143855314,16830.789914680456,4
CLOSE,MANUAL_CLOSE,3030,-1,1.0936868496664245,1.0918227495631811,18.64100103243338,1.0,17.64100103243338,17007.19992500479,10
CLOSE,MANUAL_CLOSE,3033,1,1.0922967941979596,1.0916001012018628,-6.966929960967594,1.0,-7.966929960967594,16927.530625395113,2
CLOSE,MANUAL_CLOSE,3036,1,1.0917507370322792,1.091813992014766,0.632549824868267,1.0,-0.36745017513173295,16923.856123643796,2
CLOSE,MANUAL_CLOSE,3040,1,1.0920075096012878,1.0923368320219211,3.2932242063332673,1.0,2.2932242063332673,16946.78836570713,3
CLOSE,MANUAL_CLOSE,3049,1,1.0920145144412428,1.0937786474451112,17.64133003868462,1.0,16.64133003868462,17113.201666093973,8
CLOSE,SL_HIT,3054,1,1.0925156226220794,1.0895156226220795,-29.999999999998916,1.0,-30.999999999998916,16803.201666093984,4
CLOSE,MANUAL_CLOSE,3079,1,1.0901465654429179,1.095452614679618,53.06049236700083,1.0,52.06049236700083,17323.806589763994,24
CLOSE,MANUAL_CLOSE,3079,1,1.0901465654429179,1.095452614679618,53.06049236700083,1.0,52.06049236700083,17323.806589763994,24
CLOSE,MANUAL_CLOSE,3090,-1,1.0970374633107456,1.0993558212358812,-23.183579251355724,1.0,-24.183579251355724,17081.970797250437,9
CLOSE,SL_HIT,3119,1,1.0993557433362902,1.0903557433362903,-89.99999999999896,1.0,-90.99999999999896,16171.970797250448,28
CLOSE,SL_HIT,3125,-1,1.086848125653223,1.0898481256532229,-29.999999999998916,1.0,-30.999999999998916,15861.970797250458,5
CLOSE,MANUAL_CLOSE,3135,1,1.0883424713855336,1.0906235815912975,22.811102057638255,1.0,21.811102057638255,16080.081817826842,9
CLOSE,MANUAL_CLOSE,3137,1,1.0906247065438408,1.090516650085503,-1.0805645833777966,1.0,-2.0805645833777966,16059.276171993064,1
CLOSE,MANUAL_CLOSE,3139,1,1.090380411229366,1.0904484881630343,0.6807693366828182,1.0,-0.31923066331718175,16056.083865359893,1
CLOSE,MANUAL_CLOSE,3141,1,1.090617932775683,1.0902244442759699,-3.9348849971321265,1.0,-4.9348849971321265,16006.73501538857,1
CLOSE,MANUAL_CLOSE,3167,1,1.0906954346125683,1.0930923053001445,23.968706875761026,1.0,22.968706875761026,16236.422084146181,25
CLOSE,MANUAL_CLOSE,3167,1,1.0906954346125683,1.0930923053001445,23.968706875761026,1.0,22.968706875761026,16236.422084146181,25
CLOSE,MANUAL_CLOSE,3167,1,1.0906954346125683,1.0930923053001445,23.968706875761026,1.0,22.968706875761026,16236.422084146181,25
CLOSE,MANUAL_CLOSE,3167,1,1.0906954346125683,1.0930923053001445,23.968706875761026,1.0,22.968706875761026,16236.422084146181,25
CLOSE,MANUAL_CLOSE,3167,1,1.0906954346125683,1.0930923053001445,23.968706875761026,1.0,22.968706875761026,16236.422084146181,25
CLOSE,MANUAL_CLOSE,3167,1,1.0906954346125683,1.0930923053001445,23.968706875761026,1.0,22.968706875761026,16236.422084146181,25
CLOSE,MANUAL_CLOSE,3176,-1,1.0964903929012173,1.0959958563853023,4.945365159150228,1.0,3.945365159150228,16275.875735737683,3
CLOSE,MANUAL_CLOSE,3176,-1,1.0964903929012173,1.0959958563853023,4.945365159150228,1.0,3.945365159150228,16275.875735737683,3
CLOSE,MANUAL_CLOSE,3176,-1,1.0964903929012173,1.0959958563853023,4.945365159150228,1.0,3.945365159150228,16275.875735737683,3
CLOSE,MANUAL_CLOSE,3182,-1,1.0959660127210666,1.0959852511592498,-0.19238438183188933,1.0,-1.1923843818318893,16263.951891919365,3
CLOSE,SL_HIT,3221,1,1.095707022327287,1.086707022327287,-89.99999999999896,1.0,-90.99999999999896,15353.951891919376,38
CLOSE,TP_HIT,3245,1,1.0868829720250337,1.0898829720250336,29.999999999998916,1.0,28.999999999998916,15643.951891919365,23
CLOSE,MANUAL_CLOSE,3248,1,1.0914415383343732,1.0918843105627398,4.427722283666391,1.0,3.427722283666391,15678.22911475603,2
CLOSE,MANUAL_CLOSE,3262,-1,1.0918044504392994,1.0903454273047135,14.590231345859017,1.0,13.590231345859017,15814.13142821462,13
CLOSE,MANUAL_CLOSE,3265,-1,1.0890147061962387,1.0886264268522208,3.8827934401797215,1.0,2.8827934401797215,15842.959362616417,2
CLOSE,SL_HIT,3269,-1,1.0889993402078137,1.0919993402078136,-29.999999999998916,1.0,-30.999999999998916,15532.959362616428,3
CLOSE,MANUAL_CLOSE,3281,-1,1.0913447072013052,1.0909739771436393,3.7073005766585787,1.0,2.7073005766585787,15560.032368383014,11
CLOSE,MANUAL_CLOSE,3290,1,1.0910762322734306,1.0898414575801396,-12.347746932910297,1.0,-13.347746932910297,15426.55489905391,8
CLOSE,MANUAL_CLOSE,3297,-1,1.089589170708835,1.089440206457017,1.4896425181798456,1.0,0.4896425181798456,15431.451324235708,6
CLOSE,MANUAL_CLOSE,3352,1,1.0893853450503634,1.0889419007722427,-4.434442781207082,1.0,-5.434442781207082,15377.106896423636,54
CLOSE,MANUAL_CLOSE,3362,-1,1.088509414479265,1.0880525382674646,4.56876211800461,1.0,3.56876211800461,15412.794517603683,9
CLOSE,MANUAL_CLOSE,3367,1,1.089225709058939,1.0948749526679669,56.49243609027854,1.0,55.49243609027854,15967.718878506468,4
CLOSE,MANUAL_CLOSE,3392,-1,1.0962799278798603,1.0990134700710752,-27.335421912149105,1.0,-28.335421912149105,15684.364659384977,24
CLOSE,SL_HIT,3402,-1,1.0989261462868192,1.101926146286819,-29.999999999998916,1.0,-30.999999999998916,15374.364659384988,9
CLOSE,SL_HIT,3402,-1,1.0989261462868192,1.101926146286819,-29.999999999998916,1.0,-30.999999999998916,15374.364659384988,9
CLOSE,MANUAL_CLOSE,3427,1,1.1017367828676496,1.1031065699551055,13.697870874558316,1.0,12.697870874558316,15501.34336813057,23
CLOSE,MANUAL_CLOSE,3431,-1,1.102932125036891,1.1022830327516766,6.490922852144809,1.0,5.490922852144809,15556.252596652019,3
CLOSE,MANUAL_CLOSE,3433,-1,1.1027169442146247,1.102212921943446,5.04022271178739,1.0,4.04022271178739,15596.654823769893,1
CLOSE,SL_HIT,3436,-1,1.1024606793443485,1.1054606793443484,-29.999999999998916,1.0,-30.999999999998916,15286.654823769904,2
CLOSE,SL_HIT,3437,-1,1.1057933723670192,1.1087933723670191,-29.999999999998916,1.0,-30.999999999998916,14976.654823769915,0
CLOSE,TP_HIT,3440,1,1.1097860294302866,1.1127860294302865,29.999999999998916,1.0,28.999999999998916,15266.654823769904,2
CLOSE,SL_HIT,3456,-1,1.113178318963301,1.116178318963301,-29.999999999998916,1.0,-30.999999999998916,14956.654823769915,15
CLOSE,MANUAL_CLOSE,3462,-1,1.116066254669215,1.1194397435538452,-33.73488884630182,1.0,-34.73488884630182,14609.305935306897,5
CLOSE,TP_HIT,3467,1,1.1195765501775434,1.1225765501775433,29.999999999998916,1.0,28.999999999998916,14899.305935306886,4
